{
  "accuracy": [
    0.029829544946551323,
    0.018465908244252205,
    0.011363636702299118,
    0.022727273404598236,
    0.022727273404598236,
    0.019886363297700882,
    0.022727273404598236,
    0.014204545877873898,
    0.017045455053448677,
    0.01278409082442522,
    0.015625,
    0.015625,
    0.015625,
    0.019886363297700882,
    0.017045455053448677,
    0.02130681835114956,
    0.018465908244252205,
    0.019886363297700882,
    0.01278409082442522,
    0.02130681835114956,
    0.029829544946551323,
    0.02130681835114956,
    0.017045455053448677,
    0.01278409082442522,
    0.015625,
    0.011363636702299118,
    0.011363636702299118,
    0.014204545877873898,
    0.011363636702299118,
    0.015625,
    0.01278409082442522,
    0.019886363297700882,
    0.011363636702299118,
    0.02556818164885044,
    0.02130681835114956,
    0.009943181648850441
  ],
  "loss": [
    0.09047903120517731,
    0.044521670788526535,
    0.037296757102012634,
    0.03566795587539673,
    0.034879170358181,
    0.03435691073536873,
    0.033913638442754745,
    0.033558692783117294,
    0.0334760956466198,
    0.03316337242722511,
    0.03320133313536644,
    0.0331256166100502,
    0.032998740673065186,
    0.03285609930753708,
    0.032787494361400604,
    0.03261222317814827,
    0.032629091292619705,
    0.032473500818014145,
    0.032501671463251114,
    0.032549917697906494,
    0.032472096383571625,
    0.03242241591215134,
    0.032480672001838684,
    0.03247921168804169,
    0.032311201095581055,
    0.03242355212569237,
    0.03230801597237587,
    0.03227543458342552,
    0.0323321633040905,
    0.03240641579031944,
    0.03215218335390091,
    0.03230208531022072,
    0.03228593245148659,
    0.03220789134502411,
    0.032293230295181274,
    0.03232913091778755
  ],
  "val_accuracy": [
    0.0,
    0.0,
    0.0,
    0.0,
    0.005681818351149559,
    0.028409091755747795,
    0.0,
    0.017045455053448677,
    0.005681818351149559,
    0.0,
    0.0,
    0.011363636702299118,
    0.011363636702299118,
    0.005681818351149559,
    0.017045455053448677,
    0.005681818351149559,
    0.0,
    0.005681818351149559,
    0.005681818351149559,
    0.0,
    0.0,
    0.005681818351149559,
    0.011363636702299118,
    0.017045455053448677,
    0.011363636702299118,
    0.005681818351149559,
    0.005681818351149559,
    0.005681818351149559,
    0.005681818351149559,
    0.005681818351149559,
    0.005681818351149559,
    0.005681818351149559,
    0.005681818351149559,
    0.005681818351149559,
    0.005681818351149559,
    0.005681818351149559
  ],
  "val_loss": [
    0.040668733417987823,
    0.031694915145635605,
    0.03141254186630249,
    0.03126358613371849,
    0.031445086002349854,
    0.031376201659440994,
    0.031246216967701912,
    0.0314515195786953,
    0.0311944168061018,
    0.03128107264637947,
    0.031239397823810577,
    0.03115258365869522,
    0.031232165172696114,
    0.03115873783826828,
    0.031174849718809128,
    0.03115816041827202,
    0.031214619055390358,
    0.031208910048007965,
    0.031162183731794357,
    0.031163839623332024,
    0.031147640198469162,
    0.031169520691037178,
    0.031168382614850998,
    0.031151771545410156,
    0.031157242134213448,
    0.031148934736847878,
    0.03116476535797119,
    0.031158065423369408,
    0.031167225912213326,
    0.031167030334472656,
    0.031161576509475708,
    0.031166283413767815,
    0.031163860112428665,
    0.031161749735474586,
    0.03117910772562027,
    0.031178826466202736
  ],
  "learning_rate": [
    0.0010000000474974513,
    0.0010000000474974513,
    0.0010000000474974513,
    0.0010000000474974513,
    0.0010000000474974513,
    0.0010000000474974513,
    0.0010000000474974513,
    0.0010000000474974513,
    0.0010000000474974513,
    0.0005000000237487257,
    0.0005000000237487257,
    0.0005000000237487257,
    0.0005000000237487257,
    0.0005000000237487257,
    0.0005000000237487257,
    0.0005000000237487257,
    0.0005000000237487257,
    0.0002500000118743628,
    0.0002500000118743628,
    0.0002500000118743628,
    0.0002500000118743628,
    0.0002500000118743628,
    0.0001250000059371814,
    0.0001250000059371814,
    0.0001250000059371814,
    0.0001250000059371814,
    0.0001250000059371814,
    6.25000029685907e-05,
    6.25000029685907e-05,
    6.25000029685907e-05,
    6.25000029685907e-05,
    6.25000029685907e-05,
    3.125000148429535e-05,
    3.125000148429535e-05,
    3.125000148429535e-05,
    3.125000148429535e-05
  ]
}