{
  "accuracy": [
    0.078125,
    0.08096590638160706,
    0.059659089893102646,
    0.07528409361839294,
    0.09943182021379471,
    0.09659090638160706,
    0.09090909361839294,
    0.09090909361839294,
    0.11789772659540176,
    0.125,
    0.10653409361839294,
    0.10795454680919647,
    0.12073863297700882,
    0.12926135957241058,
    0.13352273404598236,
    0.13636364042758942,
    0.10511363297700882,
    0.09943182021379471,
    0.11931817978620529,
    0.11931817978620529,
    0.125,
    0.125,
    0.11931817978620529,
    0.14204545319080353,
    0.12357954680919647,
    0.125,
    0.12784090638160706,
    0.1306818127632141,
    0.11647727340459824,
    0.14346590638160706
  ],
  "loss": [
    0.0910499095916748,
    0.05193307250738144,
    0.047068990767002106,
    0.045910563319921494,
    0.04574038088321686,
    0.04511970654129982,
    0.045151833444833755,
    0.04508105665445328,
    0.045061878859996796,
    0.04452630504965782,
    0.04459409415721893,
    0.044498249888420105,
    0.044288378208875656,
    0.04421858862042427,
    0.04427719488739967,
    0.04431011527776718,
    0.044266436249017715,
    0.04407506436109543,
    0.04421073570847511,
    0.04408656433224678,
    0.04404737055301666,
    0.04422435536980629,
    0.04401960223913193,
    0.04399915412068367,
    0.043940652161836624,
    0.04411324858665466,
    0.04404498264193535,
    0.0440589040517807,
    0.04417019709944725,
    0.044049881398677826
  ],
  "val_accuracy": [
    0.10227272659540176,
    0.017045455053448677,
    0.022727273404598236,
    0.13636364042758942,
    0.15909090638160706,
    0.14772726595401764,
    0.14204545319080353,
    0.15340909361839294,
    0.14204545319080353,
    0.15909090638160706,
    0.14204545319080353,
    0.15340909361839294,
    0.14772726595401764,
    0.14772726595401764,
    0.14772726595401764,
    0.17045454680919647,
    0.13636364042758942,
    0.14772726595401764,
    0.15340909361839294,
    0.17613635957241058,
    0.16477273404598236,
    0.14772726595401764,
    0.15340909361839294,
    0.14772726595401764,
    0.14772726595401764,
    0.15340909361839294,
    0.14772726595401764,
    0.15340909361839294,
    0.15340909361839294,
    0.15340909361839294
  ],
  "val_loss": [
    0.0562046654522419,
    0.04471442848443985,
    0.0439060740172863,
    0.04385341331362724,
    0.043630000203847885,
    0.04365013539791107,
    0.04382314905524254,
    0.04371078312397003,
    0.04372699186205864,
    0.04367613419890404,
    0.043635934591293335,
    0.04362952336668968,
    0.04364381730556488,
    0.04361630976200104,
    0.04354875534772873,
    0.04356713220477104,
    0.04357467591762543,
    0.04357646405696869,
    0.043576791882514954,
    0.04357335716485977,
    0.043558746576309204,
    0.043580710887908936,
    0.0435914546251297,
    0.04358844459056854,
    0.04357783868908882,
    0.04358964413404465,
    0.043577320873737335,
    0.04359511286020279,
    0.04361366480588913,
    0.043583374470472336
  ],
  "learning_rate": [
    0.0010000000474974513,
    0.0010000000474974513,
    0.0010000000474974513,
    0.0010000000474974513,
    0.0010000000474974513,
    0.0010000000474974513,
    0.0010000000474974513,
    0.0010000000474974513,
    0.0010000000474974513,
    0.0010000000474974513,
    0.0005000000237487257,
    0.0005000000237487257,
    0.0005000000237487257,
    0.0005000000237487257,
    0.0005000000237487257,
    0.0002500000118743628,
    0.0002500000118743628,
    0.0002500000118743628,
    0.0002500000118743628,
    0.0002500000118743628,
    0.0001250000059371814,
    0.0001250000059371814,
    0.0001250000059371814,
    0.0001250000059371814,
    0.0001250000059371814,
    6.25000029685907e-05,
    6.25000029685907e-05,
    6.25000029685907e-05,
    6.25000029685907e-05,
    6.25000029685907e-05
  ]
}