{
  "loss": [
    0.1583787053823471,
    0.0851263701915741,
    0.07779082655906677,
    0.07723025977611542,
    0.07679719477891922,
    0.07639556378126144,
    0.07628839462995529,
    0.07604619860649109,
    0.07591333240270615,
    0.07588665932416916,
    0.07585776597261429,
    0.07568524777889252,
    0.07541609555482864,
    0.07560238987207413,
    0.07536324858665466,
    0.07552836090326309,
    0.07533476501703262,
    0.07537979632616043,
    0.07534560561180115,
    0.0754096508026123,
    0.07524091750383377,
    0.0753517895936966,
    0.0752844288945198,
    0.07521839439868927,
    0.07516340911388397,
    0.07542464882135391,
    0.07500271499156952,
    0.075235515832901,
    0.07528056204319,
    0.07511045038700104,
    0.0750795304775238,
    0.07510238140821457
  ],
  "main_output_accuracy": [
    0.018465908244252205,
    0.02130681835114956,
    0.01278409082442522,
    0.026988636702299118,
    0.017045455053448677,
    0.014204545877873898,
    0.017045455053448677,
    0.009943181648850441,
    0.008522727526724339,
    0.007102272938936949,
    0.01278409082442522,
    0.01278409082442522,
    0.005681818351149559,
    0.008522727526724339,
    0.005681818351149559,
    0.018465908244252205,
    0.018465908244252205,
    0.009943181648850441,
    0.009943181648850441,
    0.018465908244252205,
    0.01278409082442522,
    0.018465908244252205,
    0.01278409082442522,
    0.005681818351149559,
    0.008522727526724339,
    0.005681818351149559,
    0.01278409082442522,
    0.01278409082442522,
    0.011363636702299118,
    0.014204545877873898,
    0.014204545877873898,
    0.005681818351149559
  ],
  "main_output_loss": [
    0.08308768272399902,
    0.037715934216976166,
    0.03277448192238808,
    0.032422199845314026,
    0.0321994312107563,
    0.03207256644964218,
    0.03193917125463486,
    0.031880877912044525,
    0.03174659609794617,
    0.031780097633600235,
    0.03180886432528496,
    0.031741730868816376,
    0.03165027126669884,
    0.03162968158721924,
    0.03168449178338051,
    0.031674668192863464,
    0.03158963844180107,
    0.031621888279914856,
    0.03160388022661209,
    0.03157665580511093,
    0.031588997691869736,
    0.0315493568778038,
    0.03156428039073944,
    0.031590234488248825,
    0.03152449429035187,
    0.03163514658808708,
    0.031466804444789886,
    0.0315246619284153,
    0.031526029109954834,
    0.03156629577279091,
    0.03149401396512985,
    0.031503114849328995
  ],
  "stars_output_accuracy": [
    0.05113636329770088,
    0.059659089893102646,
    0.09375,
    0.12073863297700882,
    0.10511363297700882,
    0.11931817978620529,
    0.09090909361839294,
    0.10511363297700882,
    0.125,
    0.15340909361839294,
    0.109375,
    0.11079545319080353,
    0.12215909361839294,
    0.10795454680919647,
    0.140625,
    0.1349431872367859,
    0.13636364042758942,
    0.14346590638160706,
    0.11789772659540176,
    0.12926135957241058,
    0.13920454680919647,
    0.11647727340459824,
    0.13636364042758942,
    0.12784090638160706,
    0.13636364042758942,
    0.11505682021379471,
    0.13352273404598236,
    0.13352273404598236,
    0.109375,
    0.15340909361839294,
    0.12926135957241058,
    0.12926135957241058
  ],
  "stars_output_loss": [
    0.07529103755950928,
    0.04741043969988823,
    0.045016344636678696,
    0.04480805620551109,
    0.04459776356816292,
    0.04432299733161926,
    0.04434922710061073,
    0.04416532814502716,
    0.04416674003005028,
    0.044106561690568924,
    0.04404890537261963,
    0.04394351691007614,
    0.043765839189291,
    0.043972715735435486,
    0.04367876425385475,
    0.043853700160980225,
    0.04374512657523155,
    0.04375790059566498,
    0.043741725385189056,
    0.04383300617337227,
    0.043651919811964035,
    0.04380244389176369,
    0.04372015222907066,
    0.043628159910440445,
    0.043638911098241806,
    0.04378949850797653,
    0.04353591427206993,
    0.0437108613550663,
    0.04375453293323517,
    0.04354415088891983,
    0.04358551651239395,
    0.04359925538301468
  ],
  "val_loss": [
    0.09353309124708176,
    0.07542133331298828,
    0.0751619040966034,
    0.07543063908815384,
    0.07515734434127808,
    0.07533431798219681,
    0.0752299353480339,
    0.07508952170610428,
    0.0751265361905098,
    0.07507124543190002,
    0.074983149766922,
    0.07516203820705414,
    0.07508616894483566,
    0.07539176195859909,
    0.0751408264040947,
    0.07513725012540817,
    0.07493732869625092,
    0.07498543709516525,
    0.07513551414012909,
    0.07499068230390549,
    0.0749950110912323,
    0.07500027865171432,
    0.07505074143409729,
    0.07508081197738647,
    0.07522088289260864,
    0.07503185421228409,
    0.07513555139303207,
    0.07511530071496964,
    0.07510726153850555,
    0.07517296075820923,
    0.07509224861860275,
    0.0751081183552742
  ],
  "val_main_output_accuracy": [
    0.028409091755747795,
    0.0,
    0.005681818351149559,
    0.0,
    0.0,
    0.005681818351149559,
    0.0,
    0.0,
    0.0,
    0.0,
    0.0,
    0.0,
    0.0,
    0.0,
    0.005681818351149559,
    0.0,
    0.0,
    0.005681818351149559,
    0.005681818351149559,
    0.005681818351149559,
    0.005681818351149559,
    0.005681818351149559,
    0.005681818351149559,
    0.005681818351149559,
    0.005681818351149559,
    0.005681818351149559,
    0.005681818351149559,
    0.0,
    0.0,
    0.005681818351149559,
    0.005681818351149559,
    0.005681818351149559
  ],
  "val_main_output_loss": [
    0.045152053236961365,
    0.03168223053216934,
    0.03136732801795006,
    0.031421732157468796,
    0.03130677342414856,
    0.03134729340672493,
    0.031310562044382095,
    0.031298890709877014,
    0.03129667043685913,
    0.03125612810254097,
    0.03122343309223652,
    0.03131530061364174,
    0.031243303790688515,
    0.03140510618686676,
    0.03130222484469414,
    0.03127285838127136,
    0.031225135549902916,
    0.03124328702688217,
    0.031304892152547836,
    0.031235093250870705,
    0.03125521540641785,
    0.03125261887907982,
    0.03126388043165207,
    0.03127792850136757,
    0.03134753555059433,
    0.031246574595570564,
    0.03130108490586281,
    0.03128973767161369,
    0.03129257261753082,
    0.03132542967796326,
    0.031285542994737625,
    0.03129187598824501
  ],
  "val_stars_output_accuracy": [
    0.011363636702299118,
    0.028409091755747795,
    0.1306818127632141,
    0.13636364042758942,
    0.13636364042758942,
    0.13636364042758942,
    0.13636364042758942,
    0.13636364042758942,
    0.13636364042758942,
    0.13636364042758942,
    0.13636364042758942,
    0.13636364042758942,
    0.13636364042758942,
    0.13636364042758942,
    0.13636364042758942,
    0.13636364042758942,
    0.13636364042758942,
    0.13636364042758942,
    0.13636364042758942,
    0.13636364042758942,
    0.13636364042758942,
    0.13636364042758942,
    0.13636364042758942,
    0.13636364042758942,
    0.13636364042758942,
    0.13636364042758942,
    0.13636364042758942,
    0.13636364042758942,
    0.13636364042758942,
    0.13636364042758942,
    0.13636364042758942,
    0.13636364042758942
  ],